algorithm,fuzzy_score
POA,0.7681690015011252
POS,0.6567451264460734
POW,0.36784375108329237
