algorithm,scenario,norm_latency,norm_p95,norm_tps,norm_energy,fuzzy_score
POA,poa_100tps,0.9493137630315084,0.9378531073446328,0.4011534025374856,0.6143790849673203,0.7155865881330887
POA,poa_500tps,0.9591955344079812,0.9661016949152542,1.0,1.0,0.9809789993054452
POA,poa_50tps,0.9605548541101716,0.9661016949152542,0.1865546218487396,0.3529411764705883,0.6079414170648418
POS,pos_100tps,0.9970209096731326,0.9971751412429378,0.2617748130179907,0.4575163398692812,0.6685770130297807
POS,pos_500tps,0.9986618968055402,0.9971751412429378,0.4790972992970774,0.6862745098039216,0.7800176890401571
POS,pos_50tps,1.0,1.0,0.0285626061448202,0.065359477124183,0.5216406772682826
POW,pow_100tps,0.7605241560182965,0.6327683615819208,0.0792552315043665,0.1699346405228758,0.4124744166777582
POW,pow_500tps,-2.220446049250313e-16,1.1102230246251563e-16,0.4597165598912833,0.669281045751634,0.2717711771177117
POW,pow_50tps,0.8326471134355949,0.847457627118644,0.0,0.0,0.4192856594544072
