algorithm,scenario,norm_latency,norm_p95,norm_tps,norm_energy,classical_score
POA,poa_100tps,0.9043823867283574,0.8940677966101694,0.411038062283737,0.6029411764705883,1.0629859268108974
POA,poa_500tps,0.913275980967183,0.9194915254237288,0.95,0.95,1.3024854481107102
POA,poa_50tps,0.9144993686991544,0.9194915254237288,0.2178991596638655,0.3676470588235294,0.9387105873548471
POW,pow_100tps,0.7344717404164668,0.6194915254237288,0.1213297083539298,0.2029411764705883,0.6666868869060392
POW,pow_500tps,0.05,0.05,0.4637449039021548,0.6523529411764706,0.4125509609784508
POW,pow_50tps,0.7993824020920354,0.8127118644067796,0.0499999999999999,0.0499999999999999,0.6735047603680514
POS,pos_100tps,0.9473188187058192,0.947457627118644,0.2855973317161916,0.461764705882353,1.0173387836012986
POS,pos_500tps,0.948795707124986,0.947457627118644,0.4811875693673696,0.6676470588235295,1.140577428046588
POS,pos_50tps,0.95,0.95,0.0757063455303381,0.1088235294117647,0.8219823992589163
