algorithm,scenario,suitability_score
POA,poa_100tps,0.8115529218467178
POA,poa_500tps,0.8112579733986264
POA,poa_50tps,0.5861938321186939
POW,pow_100tps,0.473440103385836
POW,pow_500tps,0.44380647784059474
POW,pow_50tps,0.34669367731882245
POS,pos_100tps,0.6839147022655677
POS,pos_500tps,0.8094639951076096
POS,pos_50tps,0.4057161101809364
