algorithm,scenario,suitability_score
POA,poa_100tps,0.5609112995084328
POA,poa_500tps,0.5628653831954417
POA,poa_50tps,0.4812384781210783
POW,pow_100tps,0.3882672894062617
POW,pow_500tps,0.3367942035733189
POW,pow_50tps,0.4113075270947371
POS,pos_100tps,0.5172660722052254
POS,pos_500tps,0.5597042805814151
POS,pos_50tps,0.4456706989341961
