algorithm,scenario,suitability_score
POA,poa_100tps,0.6142719368346254
POA,poa_500tps,0.6216201978206797
POA,poa_50tps,0.5257666109117173
POW,pow_100tps,0.3917247206543315
POW,pow_500tps,0.4101948338284557
POW,pow_50tps,0.3950161109578858
POS,pos_100tps,0.5808920053300184
POS,pos_500tps,0.6012478604533491
POS,pos_50tps,0.436915531438396
