algorithm,scenario,suitability_score
POA,poa_100tps,0.5609112995084328
POA,poa_500tps,0.6216201978206797
POA,poa_50tps,0.4812384781210783
POW,pow_100tps,0.3882672894062617
POW,pow_500tps,0.4461676645551336
POW,pow_50tps,0.4090985120027012
POS,pos_100tps,0.51901389672775
POS,pos_500tps,0.5643756106949136
POS,pos_50tps,0.4456706989341961
