algorithm,scenario,suitability_score
POA,poa_100tps,0.6215093148111271
POA,poa_500tps,0.6197638095492487
POA,poa_50tps,0.5507821777041216
POW,pow_100tps,0.4250009627681415
POW,pow_500tps,0.3289542113797415
POW,pow_50tps,0.4866126995613346
POS,pos_100tps,0.5800004870052325
POS,pos_500tps,0.6224597347759894
POS,pos_50tps,0.5449722297498945
