algorithm,scenario,suitability_score
POA,poa_100tps,0.5637279872381513
POA,poa_500tps,0.561856628314514
POA,poa_50tps,0.4859104861791392
POW,pow_100tps,0.3882672894062617
POW,pow_500tps,0.3307396128853574
POW,pow_50tps,0.4042872881467461
POS,pos_100tps,0.51901389672775
POS,pos_500tps,0.5628653831954417
POS,pos_50tps,0.4495996903435
