algorithm,scenario,suitability_score
POA,poa_100tps,0.6215093148111271
POA,poa_500tps,0.8087721922677041
POA,poa_50tps,0.5507821777041216
POW,pow_100tps,0.4250009627681415
POW,pow_500tps,0.335021214166015
POW,pow_50tps,0.4786469331619206
POS,pos_100tps,0.5771777431449522
POS,pos_500tps,0.6183801156635852
POS,pos_50tps,0.5386188328642444
