algorithm,scenario,suitability_score
POA,poa_100tps,0.8099428781233065
POA,poa_500tps,0.8108879395039433
POA,poa_50tps,0.6042297335946729
POW,pow_100tps,0.3917247206543315
POW,pow_500tps,0.4438064778405947
POW,pow_50tps,0.475917815334538
POS,pos_100tps,0.6839059238476636
POS,pos_500tps,0.8094639951076096
POS,pos_50tps,0.5386188328642444
