algorithm,scenario,suitability_score
POA,poa_100tps,0.5637279872381513
POA,poa_500tps,0.7499478540751676
POA,poa_50tps,0.4859104861791392
POW,pow_100tps,0.3882672894062617
POW,pow_500tps,0.3367942035733189
POW,pow_50tps,0.3970280552787043
POS,pos_100tps,0.5172660722052254
POS,pos_500tps,0.5597042805814151
POS,pos_50tps,0.443466020181148
