algorithm,scenario,suitability_score
POA,poa_100tps,0.621710567585987
POA,poa_500tps,0.6202598134851858
POA,poa_50tps,0.55078790628499
POW,pow_100tps,0.3917247206543315
POW,pow_500tps,0.3317670117535173
POW,pow_50tps,0.4795562982192664
POS,pos_100tps,0.5771709110074286
POS,pos_500tps,0.6225232649558958
POS,pos_50tps,0.5449722297498945
