algorithm,scenario,suitability_score
POA,poa_100tps,0.6179132435396043
POA,poa_500tps,0.8103333936970032
POA,poa_50tps,0.5861938321186939
POW,pow_100tps,0.473440103385836
POW,pow_500tps,0.4110976608353117
POW,pow_50tps,0.3466936773188224
POS,pos_100tps,0.6489273771198725
POS,pos_500tps,0.5970901013900227
POS,pos_50tps,0.4057161101809364
