algorithm,scenario,suitability_score
POA,poa_100tps,0.566384263880939
POA,poa_500tps,0.6207420000033593
POA,poa_50tps,0.4745335292141188
POW,pow_100tps,0.473440103385836
POW,pow_500tps,0.3317670117535173
POW,pow_50tps,0.3502331633137532
POS,pos_100tps,0.5132437337421056
POS,pos_500tps,0.572376792596777
POS,pos_50tps,0.4129646749414685
