algorithm,scenario,suitability_score
POA,poa_100tps,0.6143841711456618
POA,poa_500tps,0.6225789863329295
POA,poa_50tps,0.4713405752436145
POW,pow_100tps,0.4290480531811088
POW,pow_500tps,0.4438475099317597
POW,pow_50tps,0.3981855444402094
POS,pos_100tps,0.5301839915274579
POS,pos_500tps,0.6233263125443086
POS,pos_50tps,0.4330202217084901
