algorithm,scenario,suitability_score
POA,poa_100tps,0.566384263880939
POA,poa_500tps,0.8087721922677041
POA,poa_50tps,0.4745335292141188
POW,pow_100tps,0.473440103385836
POW,pow_500tps,0.335021214166015
POW,pow_50tps,0.3502331633137532
POS,pos_100tps,0.5132437337421056
POS,pos_500tps,0.5684157027773692
POS,pos_50tps,0.4057161101809364
