algorithm,scenario,suitability_score
POA,poa_100tps,0.4500110704258333
POA,poa_500tps,0.4500110704258333
POA,poa_50tps,0.3657303945820656
POW,pow_100tps,0.3250977243418442
POW,pow_500tps,0.3345679590997722
POW,pow_50tps,0.3152116871925625
POS,pos_100tps,0.4012271346281834
POS,pos_500tps,0.4500110704258333
POS,pos_50tps,0.3345679590997722
