algorithm,scenario,suitability_score
POA,poa_100tps,0.5673814197086605
POA,poa_500tps,0.8103333936970032
POA,poa_50tps,0.4859104861791392
POW,pow_100tps,0.3882672894062617
POW,pow_500tps,0.4461676645551336
POW,pow_50tps,0.3936935484410992
POS,pos_100tps,0.5172660722052254
POS,pos_500tps,0.6030482751703237
POS,pos_50tps,0.443466020181148
